Scenario,Flow,Iteration,SubIteration,MobileNumber,Data2
SMS,Uber,1,1,"998955921    ",
SMS,Uber,1,2,"918473061        ",
Uber,Uber0,1,1,"918473061    ",
Uber,Uber1,1,1,"991401777    ",
Uber,Uber2,1,1,"910072879    ",
Uber,Uber3,1,1,"990857537    ",
Uber,Uber4,1,1,"913368155    ",
Uber,Uber5,1,1,"916241788    ",
Uber,Uber6,1,1,"918207821    ",
Uber,Uber7,1,1,"912364130    ",
Uber,Uber8,1,1,"914254758    ",
Uber,Uber9,1,1,"919192046    ",
Uber,Uber10,1,1,"999184784    ",
"",,,,"914085695    ",
"",,,,"994827941    ",
"",,,,"918473061    ",
"",,,,"991401777    ",
"",,,,"910072879    ",
"",,,,"990857537    ",
"",,,,"913368155    ",
"",,,,"916241788    ",
"",,,,"918207821    ",
"",,,,"912364130    ",
"",,,,"914254758    ",
"",,,,"919192046    ",
"",,,,"999184784    ",
"",,,,"914085695    ",
"",,,,"994827941    ",
"",,,,"993873470    ",
"",,,,"997984240    ",
"",,,,"919321093    ",
"",,,,"998294220    ",
"",,,,"917707108    ",
"",,,,"994754087    ",
"",,,,"991119869    ",
"",,,,"919523071    ",
"",,,,"914259340    ",
"",,,,"995356147    ",
"",,,,"995300230    ",
"",,,,"917522736    ",
"",,,,"995212423    ",
"",,,,"990411678    ",
"",,,,"913115092    ",
"",,,,"990404554    ",
"",,,,"992082839    ",
"",,,,"999184316    ",
"",,,,"993837269    ",
"",,,,"991038083    ",
"",,,,"996770089    ",
"",,,,"999884653    ",
"",,,,"918554530    ",
"",,,,"993892822    ",
"",,,,"992082052    ",
"",,,,"990582377    ",
"",,,,"994876990    ",
"",,,,"913956618    ",
"",,,,"910846    ",
"",,,,"919530168    ",
"",,,,"916579326    ",
"",,,,"913538024    ",
"",,,,"915852240    ",
"",,,,"918770118    ",
"",,,,"914562460    ",
"",,,,"998210730    ",
"",,,,"998022531    ",
"",,,,"910551859    ",
"",,,,"914867002    ",
"",,,,"912470045    ",
"",,,,"997104981    ",
"",,,,"916367243    ",
"",,,,"910613897    ",
"",,,,"994182222    ",
"",,,,"917905554    ",
"",,,,"912470122    ",
"",,,,"911860424    ",
"",,,,"910280234    ",
"",,,,"910035578    ",
"",,,,"916029164    ",
"",,,,"919952160    ",
"",,,,"911039544    ",
"",,,,"918612054    ",
"",,,,"918445543    ",
"",,,,"995878300    ",
"",,,,"999590800    ",
"",,,,"990746689    ",
"",,,,"914005446    ",
"",,,,"911885578    ",
"",,,,"990578686    ",
"",,,,"997904791    ",
"",,,,"910030490    ",
"",,,,"916679283    ",
"",,,,"915337435    ",
"",,,,"919528681    ",
"",,,,"919226046    ",
"",,,,"910551581    ",
"",,,,"996851057    ",
"",,,,"999895810    ",
"",,,,"919872105    ",
"",,,,"913114122    ",
"",,,,"919543971    ",
"",,,,"995589481    ",
"",,,,"998832348    ",
"",,,,"912439303    ",
"",,,,"910438579    ",
"",,,,"910038091    ",
"",,,,"916956181    ",
"",,,,"999391161    ",
"",,,,"913727322    ",
"",,,,"915050768    ",
"",,,,"990437105    ",
"",,,,"914522700    ",
"",,,,"911860949    ",
"",,,,"991119230    ",
"",,,,"913466668    ",
"",,,,"919221111    ",
"",,,,"999431125    ",
"",,,,"910034764    ",
"",,,,"912734905    ",
"",,,,"992935565    ",
"",,,,"919426843    ",
"",,,,"997625617    ",
"",,,,"912891939    ",
"",,,,"994888402    ",
"",,,,"991088070    ",
"",,,,"919872593    ",
"",,,,"995578644    ",
"",,,,"993416397    ",
"",,,,"913553252    ",
"",,,,"990404842    ",
"",,,,"915448427    ",
"",,,,"995300732    ",
"",,,,"995467877    ",
"",,,,"910035564    ",
"",,,,"915989864    ",
"",,,,"910045485    ",
"",,,,"919720224    ",
"",,,,"996554214    ",
"",,,,"911520279    ",
"",,,,"914332392    ",
"",,,,"991600000    ",
"",,,,"997682046    ",
"",,,,"917059449    ",
"",,,,"910037716    ",
"",,,,"992453470    ",
"",,,,"919211001    ",
"",,,,"914051298    ",
"",,,,"919840620    ",
"",,,,"914402824    ",
"",,,,"997323555    ",
"",,,,"997080304    ",
"",,,,"911388877    ",
"",,,,"990859332    ",
"",,,,"915875186    ",
"",,,,"992134251    ",
"",,,,"998344513    ",
"",,,,"917554948    ",
"",,,,"992912121    ",
"",,,,"994318858    ",
"",,,,"911832052    ",
"",,,,"917572239    ",
"",,,,"997115941    ",
"",,,,"995884790    ",
"",,,,"911206990    ",
"",,,,"993616873    ",
"",,,,"991103868    ",
"",,,,"992228429    ",
"",,,,"919543707    ",
"",,,,"914539259    ",
"",,,,"994754538    ",
"",,,,"912734347    ",
"",,,,"994754884    ",
"",,,,"917060731    ",
"",,,,"917060872    ",
"",,,,"994754794    ",
"",,,,"918203343    ",
"",,,,"996770477    ",
"",,,,"912891363    ",
"",,,,"915383966    ",
"",,,,"919210907    ",
"",,,,"912106006    ",
"",,,,"912999240    ",
"",,,,"912964998    ",
"",,,,"919543210    ",
"",,,,"996770332    ",
"",,,,"994754042    ",
"",,,,"911436964    ",
"",,,,"998488430    ",
"",,,,"998119543    ",
"",,,,"910147785    ",
"",,,,"994754275    ",
"",,,,"919741559    ",
"",,,,"998680021    ",
"",,,,"915901152    ",
"",,,,"914253591    ",
"",,,,"994938381    ",
"",,,,"912057325    ",
"",,,,"910183282    ",
"",,,,"990607671    ",
"",,,,"910184369    ",
"",,,,"993367450    ",
"",,,,"918142670    ",
"",,,,"917255258    ",
"",,,,"995302772    ",
"",,,,"993837349    ",
"",,,,"912010068    ",
"",,,,"992903697    ",
"",,,,"918198694    ",
"",,,,"917175911    ",
"",,,,"914805850    ",
"",,,,"993020945    ",
"",,,,"992631175    ",
"",,,,"912508488    ",
"",,,,"994520976    ",
"",,,,"992405175    ",
"",,,,"990756232    ",
"",,,,"996521044    ",
"",,,,"995356994    ",
"",,,,"919545518    ",
"",,,,"998488424    ",
"",,,,"994495468    ",
"",,,,"912165771    ",
"",,,,"914566106    ",
"",,,,"991802096    ",
"",,,,"911101625    ",
"",,,,"996396203    ",
"",,,,"992410064    ",
"",,,,"918938436    ",
"",,,,"914253801    ",
"",,,,"912206424    ",
"",,,,"997605881    ",
"",,,,"993942632    ",
"",,,,"990779289    ",
"",,,,"915901156    ",
"",,,,"991130938    ",
"",,,,"995701338    ",
"",,,,"991715712    ",
"",,,,"996667940    ",
"",,,,"990411256    ",
"",,,,"999997767    ",
"",,,,"992082426    ",
"",,,,"991223502    ",
"",,,,"997983718    ",
"",,,,"914973252    ",
"",,,,"919343232    ",
"",,,,"995074005    ",
"",,,,"993892763    ",
"",,,,"914116726    ",
"",,,,"910185891    ",
"",,,,"910185725    ",
"",,,,"996750423    ",
"",,,,"996770095    ",
"",,,,"991349560    ",
"",,,,"910186301    ",
"",,,,"910186085    ",
"",,,,"916509756    ",
"",,,,"910187168    ",
"",,,,"991184380    ",
"",,,,"913968634    ",
"",,,,"910186458    ",
"",,,,"910186904    ",
"",,,,"996631397    ",
"",,,,"912096494    ",
"",,,,"917535639    ",
"",,,,"998430210    ",
"",,,,"999906098    ",
"",,,,"913297983    ",
"",,,,"999471237    ",
